"","Gender","Stages_simplified","KRAS_mut","Mutation","KRAS_type","BATCH"
"IP.08","","","G12C","Y","C","IP"
"IP.108b","F","IV","G12V","Y","O","IP"
"IP.115b","M","IV","non","N","N","IP"
"IP.124b","M","IV","G12V","Y","O","IP"
"IP.127","F","IV","non","N","N","IP"
"IP.138b","M","IV","G12V","Y","O","IP"
"IP.140b","F","IV","non","N","N","IP"
"IP.148","F","IIIB","G12V","Y","O","IP"
"IP.197","M","IV","G12C","Y","C","IP"
"IP.214","F","IV","G12A","Y","O","IP"
"IP.28","M","IV","non","N","N","IP"
"IP.31b","F","IV","G12C","Y","C","IP"
"IP.36","F","IV","non","N","N","IP"
"IP.38b","M","IV","non","N","N","IP"
"IP.46","","","G12C","Y","C","IP"
"IP.52","F","IV","non","N","N","IP"
"IP.57","F","IV","non","N","N","IP"
"IP.58b","F","IV","G12C","Y","C","IP"
"IP.60","F","IV","non","N","N","IP"
"IP.67b","M","IV","non","N","N","IP"
"IP.73","F","IV","G12V","N","O","IP"
"IP.82b","M","IV","non","N","N","IP"
"IP.89b","F","IV","G12C","Y","C","IP"
"IP.99","","","G12C","Y","C","IP"
"LP.01.17","M","IV","G12C","Y","C","LP"
"LP.01.29","F","IV","G12V","Y","O","LP"
"LP.01.37","F","IV","G12V","Y","O","LP"
"LP.01.38","M","IV","non","N","N","LP"
"LP.01.43","F","IV","non","N","N","LP"
"LP.01.44","F","IV","G12C","Y","C","LP"
"LP.01.45","F","IV","non","N","N","LP"
"LP.01.48","M","IV","G12V","Y","O","LP"
"LP.01.52","M","IV","G12V","Y","O","LP"
"LP.01.53","F","IV","non","N","N","LP"
"LP.01.56A","F","IV","non","N","N","LP"
"LP.01.59","M","IV","non","N","N","LP"
"LP.01.60","M","IV","non","N","N","LP"
"LP.01.62","F","IV","non","N","N","LP"
"LP.01.63","F","IV","G12C","Y","C","LP"
"LP.01.69","M","IV","non","N","N","LP"
"LP.01.70","M","IV","non","N","N","LP"
"LP.01.71","M","IV","non","N","N","LP"
"LP.01.72","M","IV","non","N","N","LP"
"Test.FFPE.07","F","IV","G12C","Y","C","LP"
"R3388_YZ_1","F","I","R68S","Y","N","Van"
"R3388_YZ_2","F","I","Q61H","Y","N","Van"
"R3388_YZ_3","M","I","Q61L","Y","N","Van"
"R3388_YZ_4","M","I","non","N","N","Van"
"R3388_YZ_5","F","I","I21L","Y","N","Van"
"R3388_YZ_6","M","I","non","N","N","Van"
"R3388_YZ_7","F","I","G13C","Y","N","Van"
"R3388_YZ_9","M","I","G12V","Y","O","Van"
"R3388_YZ_10","F","II","G12V","Y","O","Van"
"R3388_YZ_11","F","III","non","N","N","Van"
"R3388_YZ_13","M","II","G12V","Y","O","Van"
"R3388_YZ_14","M","III","G12A","Y","O","Van"
"R3388_YZ_15","F","II","G12A","Y","O","Van"
"R3388_YZ_16","F","I","G12D","Y","O","Van"
"R3388_YZ_17","F","I","G12D","Y","O","Van"
"R3388_YZ_19","M","I","G12D","Y","O","Van"
"R3388_YZ_20","M","I","non","N","N","Van"
"R3388_YZ_21","M","I","G12D","Y","O","Van"
"R3388_YZ_23","M","III","G12D","Y","O","Van"
"R3388_YZ_24","F","I","G12C","Y","C","Van"
"R3388_YZ_25","M","II","G12C","Y","C","Van"
"R3388_YZ_26","M","II","G12C","Y","C","Van"
"R3388_YZ_27","F","I","G12C","Y","C","Van"
"R3388_YZ_28","F","II","G12C","Y","C","Van"
"R3388_YZ_29","F","II","non","N","N","Van"
"R3388_YZ_30","M","III","non","N","N","Van"
"R3388_YZ_32","M","II","non","N","N","Van"
"R3388_YZ_33","F","I","non","N","N","Van"
"R3388_YZ_34","F","I","non","N","N","Van"
"R3388_YZ_35","F","II","non","N","N","Van"
"R3388_YZ_36","M","II","non","N","N","Van"
"R3388_YZ_37","F","II","non","N","N","Van"
"R3388_YZ_38","M","I","non","N","N","Van"
"R3388_YZ_39","M","I","non","N","N","Van"
"R3388_YZ_40","M","II","non","N","N","Van"
"R3388_YZ_41","F","II","non","N","N","Van"
"R3388_YZ_42","M","I","non","N","N","Van"
"R3388_YZ_43","M","I","non","N","N","Van"
"R3388_YZ_44","M","I","non","N","N","Van"
"R3388_YZ_47","M","II","non","N","N","Van"
"R3388_YZ_49","F","II","non","N","N","Van"
"R3388_YZ_50","F","I","non","N","N","Van"
"R3388_YZ_51","M","I","non","N","N","Van"
"R3388_YZ_52","F","I","non","N","N","Van"
"R3388_YZ_54","M","II","non","N","N","Van"
"R3388_YZ_55","M","I","non","N","N","Van"
"R3388_YZ_57","M","I","non","N","N","Van"
"R3388_YZ_58","M","I","non","N","N","Van"
"R3388_YZ_60","F","II","non","N","N","Van"
"R3388_YZ_61","F","II","non","N","N","Van"
"R3388_YZ_62","F","I","non","N","N","Van"
"R4163_YZ_1","F","I","non","N","N","Van"
"R4163_YZ_2","F","I","non","N","N","Van"
"R4163_YZ_3","M","I","non","N","N","Van"
"R4163_YZ_5","F","II","non","N","N","Van"
"R4163_YZ_7","F","II","non","N","N","Van"
"R4163_YZ_8","M","I","non","N","N","Van"
"R4163_YZ_9","M","I","non","N","N","Van"
"R4163_YZ_16","F","II","non","N","N","Van"
"R4163_YZ_17","F","III","non","N","N","Van"
"R4163_YZ_18","M","II","non","N","N","Van"
"R4163_YZ_19","M","I","non","N","N","Van"
"R4163_YZ_20","F","I","non","N","N","Van"
"R4163_YZ_21","F","I","non","N","N","Van"
"R4163_YZ_22","F","III","non","N","N","Van"
"R4163_YZ_23","M","I","non","N","N","Van"
"R4163_YZ_25","M","II","non","N","N","Van"
"R4163_YZ_26","F","II","non","N","N","Van"
"R4163_YZ_28","F","I","non","N","N","Van"
