,Gender,Stage,Smoker,KRAS_mut,Mutation
IP.108b,F,IV,N,G12V,Oui
IP.115b,M,IV,N,non,Non
IP.124b,M,IV,N,G12V,Oui
IP.127,F,IV,N,non,Non
IP.138b,M,IV,Y,G12V,Oui
IP.140b,F,IV,N,non,Non
IP.148,F,IIIB,Y,G12V,Oui
IP.197,M,IV,N,G12C,Oui
IP.214,F,IV,N,G12A,Oui
IP.28,M,IV,N,non,Non
IP.31b,F,IV,N,G12C,Oui
IP.36,F,IV,N,non,Non
IP.38b,M,IV,Y,non,Non
IP.52,F,IV,Y,non,Non
IP.57,F,IV,N,non,Non
IP.58b,F,IV,Y,G12C,Oui
IP.60,F,IV,Y,non,Non
IP.67b,M,IV,N,non,Non
IP.73,F,IV,Y,G12V,Non
IP.82b,M,IV,N,non,Non
IP.89b,F,IV,N,G12C,Oui
