"","Batch","Gender","Age_Bracket","Smoking_Status","Stages_simplified","KRAS_mut","Mutation","KRAS_type","BATCH"
"LP.01.17",3,"M","Less70","Y","IV","G12V","Y","O","IP"
"LP.01.29",3,"F","Less70","Y","IV","non","N","N","IP"
"LP.01.37",3,"F","Less70","Y","IV","G12V","Y","O","IP"
"LP.01.38",3,"M","Less70","Y","IV","non","N","N","IP"
"LP.01.43",3,"F","Less70","Y","IV","G12V","Y","O","IP"
"LP.01.44",3,"F","Less70","Y","IV","non","N","N","IP"
"LP.01.45",3,"F","Less70","Y","IV","G12V","Y","O","IP"
"LP.01.48",4,"M","Less70","Y","IV","G12C","Y","C","IP"
"LP.01.52",4,"M","70Plus","Y","IV","G12A","Y","O","IP"
"LP.01.53",4,"F","Less70","Y","IV","non","N","N","IP"
"LP.01.56A",4,"F","Less70","Y","IV","G12C","Y","C","IP"
"LP.01.59",4,"M","Less70","Y","IV","non","N","N","IP"
"LP.01.60",4,"M","Less70","Y","IV","non","N","N","IP"
"LP.01.62",4,"F","Less70","N","IV","non","N","N","IP"
"LP.01.63",4,"F","70Plus","Y","IV","non","N","N","IP"
"LP.01.69",4,"M","Less70","Y","IV","G12C","Y","C","IP"
"LP.01.70",4,"M","70Plus","Y","IV","non","N","N","IP"
"LP.01.71",4,"M","Less70","Y","IV","G12V","N","O","IP"
"LP.01.72",4,"M","Less70","Y","IV","non","N","N","IP"
"Test.FFPE.07",1,"F","Less70","Y","IV","G12C","Y","C","IP"
"IP.108b",5,"F","70Plus","N","IV","G12C","Y","C","LP"
"IP.115b",5,"M","70Plus","N","IV","G12V","Y","O","LP"
"IP.124b",5,"M","70Plus","N","IV","G12V","Y","O","LP"
"IP.127",5,"F","70Plus","N","IV","non","N","N","LP"
"IP.138b",5,"M","70Plus","Y","IV","non","N","N","LP"
"IP.140b",5,"F","70Plus","N","IV","G12C","Y","C","LP"
"IP.148",5,"F","70Plus","Y","III","non","N","N","LP"
"IP.197",5,"M","70Plus","N","IV","G12V","Y","O","LP"
"IP.214",5,"F","70Plus","N","IV","G12V","Y","O","LP"
"IP.28",5,"M","70Plus","N","IV","non","N","N","LP"
"IP.31b",5,"F","70Plus","N","IV","non","N","N","LP"
"IP.36",5,"F","70Plus","N","IV","non","N","N","LP"
"IP.38b",5,"M","70Plus","Y","IV","non","N","N","LP"
"IP.52",5,"F","70Plus","Y","IV","non","N","N","LP"
"IP.57",5,"F","70Plus","N","IV","G12C","Y","C","LP"
"IP.58b",5,"F","70Plus","Y","IV","non","N","N","LP"
"IP.67b",5,"M","70Plus","N","IV","non","N","N","LP"
"IP.73",5,"F","70Plus","Y","IV","non","N","N","LP"
"IP.82b",5,"M","70Plus","N","IV","non","N","N","LP"
"IP.89b",5,"F","70Plus","N","IV","G12C","Y","C","LP"
"R3388_YZ_1",1,"F","Less70","Y","I","R68S","Y","N","Van"
"R3388_YZ_2",1,"F","Less70","N","I","Q61H","Y","N","Van"
"R3388_YZ_3",1,"M","Less70","Y","I","Q61L","Y","N","Van"
"R3388_YZ_4",1,"M","Less70","Y","I","non","N","N","Van"
"R3388_YZ_5",1,"F","70Plus","Y","I","I21L","Y","N","Van"
"R3388_YZ_6",1,"M","Less70","Y","I","non","N","N","Van"
"R3388_YZ_7",1,"F","Less70","Y","I","G13C","Y","N","Van"
"R3388_YZ_9",1,"M","70Plus","Y","I","G12V","Y","O","Van"
"R3388_YZ_10",1,"F","Less70","Y","II","G12V","Y","O","Van"
"R3388_YZ_11",1,"F","Less70","Y","III","non","N","N","Van"
"R3388_YZ_13",1,"M","Less70","Y","II","G12V","Y","O","Van"
"R3388_YZ_14",1,"M","Less70","Y","III","G12A","Y","O","Van"
"R3388_YZ_15",1,"F","70Plus","N","II","G12A","Y","O","Van"
"R3388_YZ_16",1,"F","70Plus","Y","I","G12D","Y","O","Van"
"R3388_YZ_17",1,"F","Less70","Y","I","G12D","Y","O","Van"
"R3388_YZ_19",1,"M","70Plus","Y","I","G12D","Y","O","Van"
"R3388_YZ_20",1,"M","70Plus","Y","I","non","N","N","Van"
"R3388_YZ_21",1,"M","Less70","Y","I","G12D","Y","O","Van"
"R3388_YZ_23",1,"M","70Plus","Y","III","G12D","Y","O","Van"
"R3388_YZ_24",1,"F","Less70","Y","I","G12C","Y","C","Van"
"R3388_YZ_25",1,"M","70Plus","Y","II","G12C","Y","C","Van"
"R3388_YZ_26",1,"M","Less70","Y","II","G12C","Y","C","Van"
"R3388_YZ_27",1,"F","70Plus","N","I","G12C","Y","C","Van"
"R3388_YZ_28",1,"F","70Plus","Y","II","G12C","Y","C","Van"
"R3388_YZ_29",1,"F","70Plus","Y","II","non","N","N","Van"
"R3388_YZ_30",1,"M","70Plus","Y","III","non","N","N","Van"
"R3388_YZ_32",1,"M","Less70","Y","II","non","N","N","Van"
"R3388_YZ_33",1,"F","Less70","Y","I","non","N","N","Van"
"R3388_YZ_34",1,"F","70Plus","Y","I","non","N","N","Van"
"R3388_YZ_35",1,"F","Less70","Y","II","non","N","N","Van"
"R3388_YZ_36",1,"M","Less70","Y","II","non","N","N","Van"
"R3388_YZ_37",1,"F","Less70","Y","II","non","N","N","Van"
"R3388_YZ_38",1,"M","Less70","Y","I","non","N","N","Van"
"R3388_YZ_39",1,"M","70Plus","Y","I","non","N","N","Van"
"R3388_YZ_40",1,"M","70Plus","Y","II","non","N","N","Van"
"R3388_YZ_41",1,"F","70Plus","Y","II","non","N","N","Van"
"R3388_YZ_42",1,"M","70Plus","N","I","non","N","N","Van"
"R3388_YZ_43",1,"M","70Plus","Y","I","non","N","N","Van"
"R3388_YZ_44",1,"M","Less70","Y","I","non","N","N","Van"
"R3388_YZ_47",1,"M","Less70","Y","II","non","N","N","Van"
"R3388_YZ_49",1,"F","Less70","Y","II","non","N","N","Van"
"R3388_YZ_50",1,"F","Less70","N","I","non","N","N","Van"
"R3388_YZ_51",1,"M","Less70","Y","I","non","N","N","Van"
"R3388_YZ_52",1,"F","Less70","Y","I","non","N","N","Van"
"R3388_YZ_54",1,"M","Less70","N","II","non","N","N","Van"
"R3388_YZ_55",1,"M","70Plus","Y","I","non","N","N","Van"
"R3388_YZ_57",1,"M","70Plus","Y","I","non","N","N","Van"
"R3388_YZ_58",1,"M","Less70","Y","I","non","N","N","Van"
"R3388_YZ_60",1,"F","70Plus","Y","II","non","N","N","Van"
"R3388_YZ_61",1,"F","Less70","N","II","non","N","N","Van"
"R3388_YZ_62",1,"F","Less70","N","I","non","N","N","Van"
"R4163_YZ_1",2,"F","Less70","Y","I","non","N","N","Van"
"R4163_YZ_2",2,"F","Less70","Y","I","non","N","N","Van"
"R4163_YZ_3",2,"M","Less70","Y","I","non","N","N","Van"
"R4163_YZ_5",2,"F","70Plus","Y","II","non","N","N","Van"
"R4163_YZ_7",2,"F","Less70","N","II","non","N","N","Van"
"R4163_YZ_8",2,"M","70Plus","Y","I","non","N","N","Van"
"R4163_YZ_9",2,"M","70Plus","Y","I","non","N","N","Van"
"R4163_YZ_16",2,"F","70Plus","Y","II","non","N","N","Van"
"R4163_YZ_17",2,"F","Less70","Y","III","non","N","N","Van"
"R4163_YZ_18",2,"M","Less70","Y","II","non","N","N","Van"
"R4163_YZ_19",2,"M","Less70","Y","I","non","N","N","Van"
"R4163_YZ_20",2,"F","Less70","N","I","non","N","N","Van"
"R4163_YZ_21",2,"F","Less70","Y","I","non","N","N","Van"
"R4163_YZ_22",2,"F","Less70","Y","III","non","N","N","Van"
"R4163_YZ_23",2,"M","Less70","Y","I","non","N","N","Van"
"R4163_YZ_25",2,"M","70Plus","Y","II","non","N","N","Van"
"R4163_YZ_26",2,"F","70Plus","N","II","non","N","N","Van"
"R4163_YZ_28",2,"F","Less70","N","I","non","N","N","Van"
